Ami Mal Wiatt,33,Ami.Wiatt@gmail.com
Delora Kenon Davey,52,Delora.Davey@gmail.com
Imogene Standford Domenic,40,Imogene.Domenic@gmail.com
Wanda Bron Lambrecht,6,Wanda.Lambrecht@gmail.com
Kara-Lynn Melvin Fini,47,Kara-Lynn.Fini@gmail.com
Rosalie Nolan Yseulte,19,Rosalie.Yseulte@gmail.com
Harmonia Alfonse Pontone,9,Harmonia.Pontone@gmail.com
Melosa Town Marilou,8,Melosa.Marilou@gmail.com
Margeaux Tallie Carlita,11,Margeaux.Carlita@gmail.com
Dehlia Averill Maegan,36,Dehlia.Maegan@gmail.com
Millisent Jacob Tucker,10,Millisent.Tucker@gmail.com
Mahalia Georgy Kerrison,25,Mahalia.Kerrison@gmail.com
Bertine Kippy Goat,37,Bertine.Goat@gmail.com
Sydel Rickie Andrus,12,Sydel.Andrus@gmail.com
Danica Lucais Fidelity,20,Danica.Fidelity@gmail.com
Wilma Cori Tung,33,Wilma.Tung@gmail.com
Ruthy Lenard Othelia,12,Ruthy.Othelia@gmail.com
Brietta Angelo Lardner,30,Brietta.Lardner@gmail.com
Mag Dalt Conrade,23,Mag.Conrade@gmail.com
Regina Kaiser Lim,26,Regina.Lim@gmail.com
Leora Ed Jacobsen,22,Leora.Jacobsen@gmail.com
Jessy Osbert Tracy,38,Jessy.Tracy@gmail.com
Kip Gabby Heloise,19,Kip.Heloise@gmail.com
Ortensia Pearce Penrod,14,Ortensia.Penrod@gmail.com
Trudie Leonerd Giff,48,Trudie.Giff@gmail.com
Adey Henry Creight,13,Adey.Creight@gmail.com
Mariam Ewart Jelks,58,Mariam.Jelks@gmail.com
Mariel Derk Russian,0,Mariel.Russian@gmail.com
Lona Hieronymus Gujral,38,Lona.Gujral@gmail.com
Olivia Cesar Bush,13,Olivia.Bush@gmail.com
Illa Chalmers Henka,44,Illa.Henka@gmail.com
Aurilia Gonzalo Tarrant,52,Aurilia.Tarrant@gmail.com
Nevsa Jock Ossie,9,Nevsa.Ossie@gmail.com
Aurilia Donn Gilead,11,Aurilia.Gilead@gmail.com
Brittaney Zebadiah Bornstein,6,Brittaney.Bornstein@gmail.com
Dulsea Eli Korry,2,Dulsea.Korry@gmail.com
Zonnya Chadd Chinua,18,Zonnya.Chinua@gmail.com
Rosita Moise Cammy,28,Rosita.Cammy@gmail.com
Rozanna Irwin Michael,8,Rozanna.Michael@gmail.com
Ollie Hendrik Rubenstein,8,Ollie.Rubenstein@gmail.com
Jolynn Guillermo Shewmaker,20,Jolynn.Shewmaker@gmail.com
Kaleena Michael Guntar,57,Kaleena.Guntar@gmail.com
Kimbra Darby Moor,57,Kimbra.Moor@gmail.com
Helaine Keen Dierdre,48,Helaine.Dierdre@gmail.com
Erminie Kinsley Meibers,4,Erminie.Meibers@gmail.com
Kore Spencer Elwood,50,Kore.Elwood@gmail.com
Sibyl Donalt Oreste,27,Sibyl.Oreste@gmail.com
Joice Raffaello Ibson,47,Joice.Ibson@gmail.com
Liza Marlow Wilden,36,Liza.Wilden@gmail.com
Aindrea Patrizius Alex,15,Aindrea.Alex@gmail.com
Monique Kendrick Sophi,30,Monique.Sophi@gmail.com
Daniella Rudd Waring,33,Daniella.Waring@gmail.com
Drucill Renado Chase,42,Drucill.Chase@gmail.com
Ryann Beale Peltz,10,Ryann.Peltz@gmail.com
Erina Jarvis Nickles,15,Erina.Nickles@gmail.com
Odelle Packston Dituri,51,Odelle.Dituri@gmail.com
Aline Burg Keeler,2,Aline.Keeler@gmail.com
Goldia Any Tisha,29,Goldia.Tisha@gmail.com
Franky Ange Emmott,32,Franky.Emmott@gmail.com
Elbertine Sanson Carissa,4,Elbertine.Carissa@gmail.com
Katey Anton Fronnia,54,Katey.Fronnia@gmail.com
Dulcine Francis Courtnay,31,Dulcine.Courtnay@gmail.com
Jeanna Nevil Tartan,48,Jeanna.Tartan@gmail.com
Regina Lemmie Bonneau,48,Regina.Bonneau@gmail.com
Isabella Reinhard Charlot,22,Isabella.Charlot@gmail.com
Kandy Bond Ingraham,30,Kandy.Ingraham@gmail.com
Abigale Arther Koran,45,Abigale.Koran@gmail.com
Perrine Lawrence Sura,49,Perrine.Sura@gmail.com
Maritsa Serge Colline,16,Maritsa.Colline@gmail.com
Cathlene Shane Saideman,46,Cathlene.Saideman@gmail.com
Laurie Berke Bette-Ann,56,Laurie.Bette-Ann@gmail.com
Daveen Hussein Abernathy,44,Daveen.Abernathy@gmail.com
Muire Lee Ilonka,58,Muire.Ilonka@gmail.com
Anna-Diane Yanaton Roxine,11,Anna-Diane.Roxine@gmail.com
Loella Lem Maggio,38,Loella.Maggio@gmail.com
Shawnee Hardy Theodoric,42,Shawnee.Theodoric@gmail.com
Cassie Ignaz Zwick,53,Cassie.Zwick@gmail.com
Aggy Ralf Teresa,57,Aggy.Teresa@gmail.com
Colene Rooney Ardel,24,Colene.Ardel@gmail.com
Hyacinthia Herrick Jacques,19,Hyacinthia.Jacques@gmail.com
Willyt Phillipe Kalbli,9,Willyt.Kalbli@gmail.com
Krystal Kareem Calisa,58,Krystal.Calisa@gmail.com
Micky Edmund Lohman,51,Micky.Lohman@gmail.com
Tilly Maynard Remus,54,Tilly.Remus@gmail.com
Melamie Zachery Trilbee,33,Melamie.Trilbee@gmail.com
Jasmine Inglebert Luehrmann,12,Jasmine.Luehrmann@gmail.com
Fannie Abelard Clance,38,Fannie.Clance@gmail.com
Bamby Homer Malcolm,11,Bamby.Malcolm@gmail.com
Elle Bradford Christina,22,Elle.Christina@gmail.com
Rene Alexandros Durning,34,Rene.Durning@gmail.com
Aile Ambrosi Norrie,5,Aile.Norrie@gmail.com
Lynnette Cam Koffler,52,Lynnette.Koffler@gmail.com
Adelle Cornelius Trout,10,Adelle.Trout@gmail.com
Ophelie Berkly Ganny,2,Ophelie.Ganny@gmail.com
Blinni Cleavland Hands,2,Blinni.Hands@gmail.com
Eachelle Fidole Daven,46,Eachelle.Daven@gmail.com
Anita Bourke Kaufman,8,Anita.Kaufman@gmail.com
Agnesse Delainey Mauralia,50,Agnesse.Mauralia@gmail.com
Meaghan Yance Charie,34,Meaghan.Charie@gmail.com
Elisabet Karl Adao,0,Elisabet.Adao@gmail.com
Marney Lewiss Penni,12,Marney.Penni@gmail.com
Dulcine Konstantin Richardo,58,Dulcine.Richardo@gmail.com
Harriet Theobald Rodgers,33,Harriet.Rodgers@gmail.com
Giulia Ivor Casilda,3,Giulia.Casilda@gmail.com
Yoshi Hieronymus Lassiter,15,Yoshi.Lassiter@gmail.com
Molli Vernen Hola,20,Molli.Hola@gmail.com
Lola Lonnard Trinidad,8,Lola.Trinidad@gmail.com
Natala Parker Hal,33,Natala.Hal@gmail.com
Zilvia Bennett Vikky,25,Zilvia.Vikky@gmail.com
Carie Dale Rebe,59,Carie.Rebe@gmail.com
Jillayne Red Willcox,19,Jillayne.Willcox@gmail.com
Cherry Harwilll Apostles,42,Cherry.Apostles@gmail.com
Jordanna Penrod Westland,26,Jordanna.Westland@gmail.com
Nesta Panchito Ethan,58,Nesta.Ethan@gmail.com
Nike Hazlett Sharia,47,Nike.Sharia@gmail.com
Estrella Link Deeyn,43,Estrella.Deeyn@gmail.com
Gloriane Bob Lyndell,40,Gloriane.Lyndell@gmail.com
Leontyne Kerk Bolan,31,Leontyne.Bolan@gmail.com
Kathie Mathe Janel,1,Kathie.Janel@gmail.com
Gabbie Giraud Diley,48,Gabbie.Diley@gmail.com
Dulcea Ogdon Steinke,47,Dulcea.Steinke@gmail.com
Nina Claudius Pang,31,Nina.Pang@gmail.com
Leann Udell Benkley,39,Leann.Benkley@gmail.com
Latrina Kristos Ibbie,6,Latrina.Ibbie@gmail.com
Phebe Brien Barret,4,Phebe.Barret@gmail.com
Lillis Osbert Monson,7,Lillis.Monson@gmail.com
Alex Land Gaughan,27,Alex.Gaughan@gmail.com
Marena Lucius Vladimir,49,Marena.Vladimir@gmail.com
Kissie Terrel Alper,41,Kissie.Alper@gmail.com
Raynell Lazarus Gurevich,11,Raynell.Gurevich@gmail.com
Sabrina Niall Dang,31,Sabrina.Dang@gmail.com
Mirabel Ambrosi Johnna,0,Mirabel.Johnna@gmail.com
Moira Geoff Sadiras,39,Moira.Sadiras@gmail.com
Barrie Brice Wellington,1,Barrie.Wellington@gmail.com
Fancy Rafferty Trista,5,Fancy.Trista@gmail.com
Carlene Colver Meave,38,Carlene.Meave@gmail.com
Deva Dewitt Hudnut,39,Deva.Hudnut@gmail.com
Ruthie Bevin Laurinda,49,Ruthie.Laurinda@gmail.com
Tamma Ezequiel Sande,11,Tamma.Sande@gmail.com
Gwenora Brien Reilly,19,Gwenora.Reilly@gmail.com
Helena Darius Wahlstrom,34,Helena.Wahlstrom@gmail.com
Madalyn Tommie Harcourt,1,Madalyn.Harcourt@gmail.com
Meriel Frankie Allard,33,Meriel.Allard@gmail.com
Barbe Jephthah Gabbey,3,Barbe.Gabbey@gmail.com
Izabel Wesley Roid,41,Izabel.Roid@gmail.com
Amandie Godart Sax,10,Amandie.Sax@gmail.com
Elga Don Gschu,0,Elga.Gschu@gmail.com
Ameline Heinrik Candice,2,Ameline.Candice@gmail.com
Alanna Donal Killen,58,Alanna.Killen@gmail.com
Rosabella Tirrell Paolina,41,Rosabella.Paolina@gmail.com
Hermia Sander Nickelsen,56,Hermia.Nickelsen@gmail.com
Ira Sammie Bilski,42,Ira.Bilski@gmail.com
Lane Aubert Schram,28,Lane.Schram@gmail.com
Idell Peterus Kristine,47,Idell.Kristine@gmail.com
Marquita Dav Alansen,2,Marquita.Alansen@gmail.com
Luce Klaus Ivah,57,Luce.Ivah@gmail.com
Cornie Ollie Agretha,20,Cornie.Agretha@gmail.com
Erinna Benjie Abbotson,36,Erinna.Abbotson@gmail.com
Jessi Fields Yate,8,Jessi.Yate@gmail.com
Adriana Jeno Brothers,8,Adriana.Brothers@gmail.com
Hynda Elijah Sakhuja,44,Hynda.Sakhuja@gmail.com
Zola Nikita Jeffers,58,Zola.Jeffers@gmail.com
Bernita Hakeem Ebby,11,Bernita.Ebby@gmail.com
Roxanne Donal Murvyn,18,Roxanne.Murvyn@gmail.com
Gilly Diarmid Lightman,58,Gilly.Lightman@gmail.com
Tillie Rance Park,26,Tillie.Park@gmail.com
Kelila Tyrone Bolger,31,Kelila.Bolger@gmail.com
Sharl Sax Liza,56,Sharl.Liza@gmail.com
Ulrike Clement Armond,25,Ulrike.Armond@gmail.com
Lela Armando Benoit,14,Lela.Benoit@gmail.com
Angelique Gilburt Hubbard,34,Angelique.Hubbard@gmail.com
Brynna Conrade Koren,12,Brynna.Koren@gmail.com
Lucia Stavro Banerjee,54,Lucia.Banerjee@gmail.com
Lily Matthias Wall,19,Lily.Wall@gmail.com
Nichole Davie Huttan,44,Nichole.Huttan@gmail.com
Rosaline Gottfried Marlin,32,Rosaline.Marlin@gmail.com
Rikki Ephrayim O'Driscoll,22,Rikki.O'Driscoll@gmail.com
Berta Ruben Barrett,11,Berta.Barrett@gmail.com
Cherie Sigmund Meghann,22,Cherie.Meghann@gmail.com
Goldi Niels Sergius,56,Goldi.Sergius@gmail.com
Laureen Mattias Calondra,1,Laureen.Calondra@gmail.com
Iormina Mose Pippo,5,Iormina.Pippo@gmail.com
Alejandra Verney Brockwell,19,Alejandra.Brockwell@gmail.com
Fredra Roderick Parks,46,Fredra.Parks@gmail.com
Anetta Lyle Bever,48,Anetta.Bever@gmail.com
Lorna Madison Stephania,59,Lorna.Stephania@gmail.com
Fidelia Orazio Rolanda,35,Fidelia.Rolanda@gmail.com
Karlyn Hadley Georgeanna,34,Karlyn.Georgeanna@gmail.com
Jaimie Nataniel Claudianus,24,Jaimie.Claudianus@gmail.com
Noelani Travus Lennie,43,Noelani.Lennie@gmail.com
Janessa Derick Mason,13,Janessa.Mason@gmail.com
Dyana Dalton Phemia,37,Dyana.Phemia@gmail.com
Hulda Alaric Nev,45,Hulda.Nev@gmail.com
Correna Gradeigh Birkett,35,Correna.Birkett@gmail.com
Blondy Arnuad Naquin,54,Blondy.Naquin@gmail.com
Wynny Jereme Montagu,42,Wynny.Montagu@gmail.com
Willow Jasen Lashonda,59,Willow.Lashonda@gmail.com
Lana Paulo Fanchet,9,Lana.Fanchet@gmail.com
Ailyn Shay Daniele,12,Ailyn.Daniele@gmail.com
Carlota Darin Douville,26,Carlota.Douville@gmail.com
Marlyn Kristo Helfant,52,Marlyn.Helfant@gmail.com
Delcina Shaughn Osgood,55,Delcina.Osgood@gmail.com
Sibylla Torr Changaris,30,Sibylla.Changaris@gmail.com
Muriel Mischa Ulane,13,Muriel.Ulane@gmail.com
Hope Mycah Selmore,38,Hope.Selmore@gmail.com
Lyn Thaddeus Balliett,44,Lyn.Balliett@gmail.com
Carlynne Odell Vivyanne,28,Carlynne.Vivyanne@gmail.com
Blancha Kerwin Meghan,11,Blancha.Meghan@gmail.com
Sibella Huey Dehnel,30,Sibella.Dehnel@gmail.com
Arielle Marshall Duff,20,Arielle.Duff@gmail.com
Lyssa Jamaal Hultgren,10,Lyssa.Hultgren@gmail.com
Franky Hobey Jocelyne,44,Franky.Jocelyne@gmail.com
Lynn Vincent Baxie,26,Lynn.Baxie@gmail.com
Jannelle Reube Teteak,27,Jannelle.Teteak@gmail.com
Bethany Taylor Minier,10,Bethany.Minier@gmail.com
Marris Bern Remmer,37,Marris.Remmer@gmail.com
Natalie Dougie Mendoza,29,Natalie.Mendoza@gmail.com
Melanie Brucie Bissell,21,Melanie.Bissell@gmail.com
Valene Walden Nikoletta,41,Valene.Nikoletta@gmail.com
Magdalen Zollie Adams,33,Magdalen.Adams@gmail.com
Prisca Brett Martineau,7,Prisca.Martineau@gmail.com
Jobye Giorgio Amora,45,Jobye.Amora@gmail.com
Ricca Dougy Freud,22,Ricca.Freud@gmail.com
Kerrie Brennan Crissy,48,Kerrie.Crissy@gmail.com
Genna Colman Berty,26,Genna.Berty@gmail.com
Waly Bar Abigail,55,Waly.Abigail@gmail.com
Freddie Cheston Frederiksen,33,Freddie.Frederiksen@gmail.com
Amber Jules Gorey,9,Amber.Gorey@gmail.com
Eba Lemar Serrano,3,Eba.Serrano@gmail.com
Kaitlyn Filmore Joannes,56,Kaitlyn.Joannes@gmail.com
Cynthy Harcourt Paresh,3,Cynthy.Paresh@gmail.com
Lori Hillary Arjun,5,Lori.Arjun@gmail.com
Bidget Clevey Coulson,4,Bidget.Coulson@gmail.com
Chrysa Hartwell Lachus,58,Chrysa.Lachus@gmail.com
Vallie Selby Dosi,30,Vallie.Dosi@gmail.com
Ines Barnard Shepley,34,Ines.Shepley@gmail.com
Kipp Granger Trace,42,Kipp.Trace@gmail.com
Cherlyn Shane Glynn,25,Cherlyn.Glynn@gmail.com
Tillie Trenton McComb,17,Tillie.McComb@gmail.com
Brandi Brnaba Urbano,8,Brandi.Urbano@gmail.com
Catherine Karlis Saimon,56,Catherine.Saimon@gmail.com
Idette Garwin Harvison,43,Idette.Harvison@gmail.com
Pammie Colver Lucila,20,Pammie.Lucila@gmail.com
Ofilia Michele Knowland,15,Ofilia.Knowland@gmail.com
Dianna Timotheus Felice,49,Dianna.Felice@gmail.com
Miranda Reginauld Noell,19,Miranda.Noell@gmail.com
Eda Brade Orest,20,Eda.Orest@gmail.com
Sybil Taite Emelia,49,Sybil.Emelia@gmail.com
Anny Nathanil Darcey,18,Anny.Darcey@gmail.com
Shirleen Hubie Johannes,22,Shirleen.Johannes@gmail.com
Willa Byrle Antone,42,Willa.Antone@gmail.com
Shae Dani Andi,48,Shae.Andi@gmail.com
Veronika Abdul Ettinger,0,Veronika.Ettinger@gmail.com
Clarice Clyde Smart,45,Clarice.Smart@gmail.com
Cammi Keith Loydie,35,Cammi.Loydie@gmail.com
Oliy Prescott Wesla,49,Oliy.Wesla@gmail.com
Saba Herbert Tray,3,Saba.Tray@gmail.com
Joly Burk Maitland,27,Joly.Maitland@gmail.com
Carmita Moe Lev,59,Carmita.Lev@gmail.com
Marleen Loren Ban,14,Marleen.Ban@gmail.com
Josee Nil Dermot,58,Josee.Dermot@gmail.com
Maggi Gaelan Blas,46,Maggi.Blas@gmail.com
Elyssa Ermanno Flavian,1,Elyssa.Flavian@gmail.com
Carmelina Clint Latterll,40,Carmelina.Latterll@gmail.com
Callie Donnell Essie,16,Callie.Essie@gmail.com
Alika Hector Haff,1,Alika.Haff@gmail.com
Tressa Augy Saraiya,21,Tressa.Saraiya@gmail.com
Cindra Robbie Ireland,2,Cindra.Ireland@gmail.com
Arda Brennan Justin,17,Arda.Justin@gmail.com
Kala Wang Botti,6,Kala.Botti@gmail.com
Emmalynne Ashley Ellery,10,Emmalynne.Ellery@gmail.com
Zilvia Cass Malet,7,Zilvia.Malet@gmail.com
Faye Karlan Moulton,56,Faye.Moulton@gmail.com
Annecorinne Leland Meletius,6,Annecorinne.Meletius@gmail.com
Elaina Stavro Franciscka,46,Elaina.Franciscka@gmail.com
Lenette Rick Mandal,42,Lenette.Mandal@gmail.com
Perla Hamid Hildegaard,34,Perla.Hildegaard@gmail.com
Elicia Johnathon Weil,35,Elicia.Weil@gmail.com
Agatha Pieter Schott,52,Agatha.Schott@gmail.com
Rhianna Bran Slyke,34,Rhianna.Slyke@gmail.com
Ainslee Raff Jocelyne,14,Ainslee.Jocelyne@gmail.com
Maxie Arne Bunker,4,Maxie.Bunker@gmail.com
Danice Hamid Hayse,47,Danice.Hayse@gmail.com
Lydia Spike Parette,23,Lydia.Parette@gmail.com
Hetti Tome Dellora,18,Hetti.Dellora@gmail.com
Olympie Puff Ervine,3,Olympie.Ervine@gmail.com
Nixie Abramo Rozalie,59,Nixie.Rozalie@gmail.com
Shari Cobby Reseta,29,Shari.Reseta@gmail.com
Mora Skipton Andee,15,Mora.Andee@gmail.com
Andy Winnie Caiaphas,27,Andy.Caiaphas@gmail.com
Latisha Nat Brottman,32,Latisha.Brottman@gmail.com
Vittoria Julio Pembrook,49,Vittoria.Pembrook@gmail.com
Britte Keary Ruperto,10,Britte.Ruperto@gmail.com
Giselle Ferrel Caressa,39,Giselle.Caressa@gmail.com
Sadella Matthieu Follansbee,30,Sadella.Follansbee@gmail.com
Dolores Artie Ilarrold,34,Dolores.Ilarrold@gmail.com
Dorothy Fraze Dianna,0,Dorothy.Dianna@gmail.com
Tiffani Alyosha Hosfmann,46,Tiffani.Hosfmann@gmail.com
Daisie Stephen Mathias,34,Daisie.Mathias@gmail.com
Kyla Vincenty Morvin,1,Kyla.Morvin@gmail.com
Danielle Nikolos Nevsa,11,Danielle.Nevsa@gmail.com
Brier Baillie Carmella,47,Brier.Carmella@gmail.com
Chantalle Benji Jyoti,53,Chantalle.Jyoti@gmail.com
Kai Frankie Lamb,2,Kai.Lamb@gmail.com
Muffin Moshe Merrile,0,Muffin.Merrile@gmail.com
Vallie Kenon Loris,28,Vallie.Loris@gmail.com
Esta Virgie Moishe,8,Esta.Moishe@gmail.com
Margaretta Demetrius Banerjee,45,Margaretta.Banerjee@gmail.com
Gilligan Garv Lucas,18,Gilligan.Lucas@gmail.com
Aidan Thebault Orv,3,Aidan.Orv@gmail.com
Leontyne Bartolomeo Corotto,42,Leontyne.Corotto@gmail.com
Vivianne Valentino Abroms,41,Vivianne.Abroms@gmail.com
Muire Arnie Delfine,18,Muire.Delfine@gmail.com
Jemie Zackariah Norword,27,Jemie.Norword@gmail.com
Arlee Hubert Gerhan,1,Arlee.Gerhan@gmail.com
Ileane Collin Raul,46,Ileane.Raul@gmail.com
Karlotte Tybalt Valiant,12,Karlotte.Valiant@gmail.com
Jonis Willis Lynnett,8,Jonis.Lynnett@gmail.com
Aundrea Davidde Zipporah,3,Aundrea.Zipporah@gmail.com
Kare Kimble Udela,35,Kare.Udela@gmail.com
Leda Bald Jeff,22,Leda.Jeff@gmail.com
Christen Denver Lon,1,Christen.Lon@gmail.com
Adriaens Rik Hilbert,21,Adriaens.Hilbert@gmail.com
Mirna Rollins Farris,40,Mirna.Farris@gmail.com
Domeniga Colin Raddi,46,Domeniga.Raddi@gmail.com
Zabrina Fritz Grenier,30,Zabrina.Grenier@gmail.com
Clotilda Cortie Greyson,3,Clotilda.Greyson@gmail.com
Cherianne Benedetto Whall,28,Cherianne.Whall@gmail.com
Gerry Bancroft Urbain,20,Gerry.Urbain@gmail.com
Vernice Hart Alaine,31,Vernice.Alaine@gmail.com
Glynda Aloysius Ostler,2,Glynda.Ostler@gmail.com
Mabelle Sammie Margaux,47,Mabelle.Margaux@gmail.com
Bernette Meir Limemann,26,Bernette.Limemann@gmail.com
Briny Silvano Ellis,45,Briny.Ellis@gmail.com
Aurie Sigismondo Viafore,26,Aurie.Viafore@gmail.com
Barby Hendrik Flaherty,36,Barby.Flaherty@gmail.com
Basia Geoffry Tess,31,Basia.Tess@gmail.com
Luelle Dilan Gaither,12,Luelle.Gaither@gmail.com
Emmaline Gard Roosevelt,51,Emmaline.Roosevelt@gmail.com
Theodora Kingsly Larson,32,Theodora.Larson@gmail.com
Karrie Artemus Kellie,31,Karrie.Kellie@gmail.com
Tonye Karlik Hesper,33,Tonye.Hesper@gmail.com
Anne Mathias Jaworski,8,Anne.Jaworski@gmail.com
Marisa Roarke Curran,52,Marisa.Curran@gmail.com
Cordula Ben Tavey,16,Cordula.Tavey@gmail.com
Emmalyn Art Hodge,21,Emmalyn.Hodge@gmail.com
Neely Harcourt Delmor,34,Neely.Delmor@gmail.com
Leisha Gram Benzel,9,Leisha.Benzel@gmail.com
Mahalia Jamey Sheilah,14,Mahalia.Sheilah@gmail.com
Ekaterina Damiano Williams,45,Ekaterina.Williams@gmail.com
Jillian Nickolai Branden,26,Jillian.Branden@gmail.com
Tine Addison Gare,29,Tine.Gare@gmail.com
Mariele Timmie Triny,17,Mariele.Triny@gmail.com
Valaria Somerset Ghassan,2,Valaria.Ghassan@gmail.com
Trudie Lukas Tybald,53,Trudie.Tybald@gmail.com
Thea Eberto Regina,37,Thea.Regina@gmail.com
Pavla Falkner Jairia,38,Pavla.Jairia@gmail.com
Terese Mace Elie,13,Terese.Elie@gmail.com
Moria Rutledge Landis,8,Moria.Landis@gmail.com
Cacilie Artus Balcer,15,Cacilie.Balcer@gmail.com
Danit Lucien Dollar,45,Danit.Dollar@gmail.com
Aimee Fredek Tanah,20,Aimee.Tanah@gmail.com
Marcille Thaine Odab,58,Marcille.Odab@gmail.com
Ermengarde Nap Aniela,29,Ermengarde.Aniela@gmail.com
Drusilla Klement Lundquist,25,Drusilla.Lundquist@gmail.com
Helli Bruce Arabel,29,Helli.Arabel@gmail.com
Hedi Hinze Curson,43,Hedi.Curson@gmail.com
Gilemette Ezekiel Croteau,1,Gilemette.Croteau@gmail.com
Adoree Darryl Leor,36,Adoree.Leor@gmail.com
Pietra Dunc Milore,19,Pietra.Milore@gmail.com
Calida Garvy Winnick,16,Calida.Winnick@gmail.com
Francine Hartwell Sidonius,33,Francine.Sidonius@gmail.com
Angelia Orin Esbenshade,25,Angelia.Esbenshade@gmail.com
Christa Dave Alviani,44,Christa.Alviani@gmail.com
Odessa Manolo Genni,51,Odessa.Genni@gmail.com
Loretta Grace Haberman,44,Loretta.Haberman@gmail.com
Elena Julius Reede,52,Elena.Reede@gmail.com
Prissie Early Sloatman,40,Prissie.Sloatman@gmail.com
Florina Deck Nananne,31,Florina.Nananne@gmail.com
Odelinda Blane Serrano,30,Odelinda.Serrano@gmail.com
Shelbi Howard Fabrianne,47,Shelbi.Fabrianne@gmail.com
Iormina Phillipp Sayed,23,Iormina.Sayed@gmail.com
Sheela Antony McWherter,37,Sheela.McWherter@gmail.com
Tiffi Townie Adonis,35,Tiffi.Adonis@gmail.com
Jesselyn Woodrow Parthen,59,Jesselyn.Parthen@gmail.com
Abra Dene Bruni,15,Abra.Bruni@gmail.com
Elsbeth Dorey Lurette,33,Elsbeth.Lurette@gmail.com
Toby Hillard Modesty,17,Toby.Modesty@gmail.com
Patti Vincenty Hofstetter,2,Patti.Hofstetter@gmail.com
Umeko Garvey Norwood,37,Umeko.Norwood@gmail.com
Gwenni Dale Tatiana,10,Gwenni.Tatiana@gmail.com
Sileas Nataniel Laubin,29,Sileas.Laubin@gmail.com
Felecia Lewiss Dinan,57,Felecia.Dinan@gmail.com
Janice Briano Shandy,11,Janice.Shandy@gmail.com
Bettine Xymenes Peti,48,Bettine.Peti@gmail.com
Coriss Tito Walls,33,Coriss.Walls@gmail.com
Dyanne Mata Cassady,42,Dyanne.Cassady@gmail.com
Cordelia Bartholemy Klockau,2,Cordelia.Klockau@gmail.com
Kayle Lesley Prud,48,Kayle.Prud@gmail.com
Ruth Harald Marl,40,Ruth.Marl@gmail.com
Daile Orbadiah Vivienne,33,Daile.Vivienne@gmail.com
Nancee Elton Honna,35,Nancee.Honna@gmail.com
Ethel Tulley Denn,57,Ethel.Denn@gmail.com
Lona Amby Stafford,50,Lona.Stafford@gmail.com
Barbi Darill Anni,20,Barbi.Anni@gmail.com
Gennie Roderick Bora,44,Gennie.Bora@gmail.com
Janaya Tris Elvia,36,Janaya.Elvia@gmail.com
Crin Sunny Giamo,0,Crin.Giamo@gmail.com
Mellie Tailor Pasia,13,Mellie.Pasia@gmail.com
Zorine Paxton Christyna,20,Zorine.Christyna@gmail.com
Estella Woody Way,36,Estella.Way@gmail.com
Josefa Constantino Ondrea,44,Josefa.Ondrea@gmail.com
Cindee Ephraim Pedrotti,35,Cindee.Pedrotti@gmail.com
Abby Gordy Cofsky,52,Abby.Cofsky@gmail.com
Bunnie Feodor Garrett,54,Bunnie.Garrett@gmail.com
Bryn Hyman Ceciley,58,Bryn.Ceciley@gmail.com
Dagmar Reginald Theona,43,Dagmar.Theona@gmail.com
Meridel Raviv Fionna,44,Meridel.Fionna@gmail.com
Rica Beltran Gipsy,3,Rica.Gipsy@gmail.com
Jenica Prentice Lowney,30,Jenica.Lowney@gmail.com
Kally Freedman Festa,9,Kally.Festa@gmail.com
Fenelia Chicky Richie,57,Fenelia.Richie@gmail.com
Josi Hercule Kozloski,34,Josi.Kozloski@gmail.com
Karylin Aguie Jo Ann,20,Karylin.Jo Ann@gmail.com
Lexi Cos Ferris,18,Lexi.Ferris@gmail.com
Fenelia Martyn Amadeus,0,Fenelia.Amadeus@gmail.com
Muire Tonnie Evers,29,Muire.Evers@gmail.com
Erinn Borg Flanders,14,Erinn.Flanders@gmail.com
Georgeanne Trefor Owades,14,Georgeanne.Owades@gmail.com
Frances Ransell Tremaine,9,Frances.Tremaine@gmail.com
Ermentrude Jone Triplett,40,Ermentrude.Triplett@gmail.com
Eveline Hercule Erna,7,Eveline.Erna@gmail.com
Agnese Harald Moe,24,Agnese.Moe@gmail.com
George Timmie Loydie,53,George.Loydie@gmail.com
Michaelina Grange Favata,35,Michaelina.Favata@gmail.com
Joelly Galven Dorkus,40,Joelly.Dorkus@gmail.com
Viviene Tudor Emelyne,38,Viviene.Emelyne@gmail.com
Merl Urson Hammond,44,Merl.Hammond@gmail.com
Merle Gibb Holofernes,5,Merle.Holofernes@gmail.com
Binni Francois Rolandson,43,Binni.Rolandson@gmail.com
Jonie Gregorius Bruner,2,Jonie.Bruner@gmail.com
Odelia Yard Seldan,0,Odelia.Seldan@gmail.com
Katha Lucius Cami,21,Katha.Cami@gmail.com
Farica Keen Folberth,42,Farica.Folberth@gmail.com
Aile Carter Wadlinger,1,Aile.Wadlinger@gmail.com
Willetta Mauricio LeMay,14,Willetta.LeMay@gmail.com
Lise Mathias Amble,11,Lise.Amble@gmail.com
Gwenora Jeramey Amaral,24,Gwenora.Amaral@gmail.com
Melli Brandy Fowler,18,Melli.Fowler@gmail.com
Holly Dannel Richel,25,Holly.Richel@gmail.com
Atlante Ogdan Karlin,46,Atlante.Karlin@gmail.com
Brett Aldon Hacker,1,Brett.Hacker@gmail.com
Clarine Onofredo Barth,9,Clarine.Barth@gmail.com
Stacie Ira Yoo,19,Stacie.Yoo@gmail.com
Jere Buckie Olnay,54,Jere.Olnay@gmail.com
Almeria Graeme Mansoor,48,Almeria.Mansoor@gmail.com
Gray Peder Greenberg,36,Gray.Greenberg@gmail.com
Whitney Nigel McCreary,42,Whitney.McCreary@gmail.com
Jannelle Hunter Valentin,59,Jannelle.Valentin@gmail.com
Juliet Cyril Hola,4,Juliet.Hola@gmail.com
Tatiana Wesley Berkley,44,Tatiana.Berkley@gmail.com
Berri Clayborne Danella,18,Berri.Danella@gmail.com
Jandy Obadias Tadashi,48,Jandy.Tadashi@gmail.com
Faye Sim Thedric,28,Faye.Thedric@gmail.com
Tony Dylan Roger,13,Tony.Roger@gmail.com
Britt Claudius Joost,53,Britt.Joost@gmail.com
Tanhya Artie Vookles,45,Tanhya.Vookles@gmail.com
Misty Myron Feld,49,Misty.Feld@gmail.com
Fannie Mickey Durtschi,52,Fannie.Durtschi@gmail.com
Marlee Kincaid Drice,20,Marlee.Drice@gmail.com
Mary Kiley Nellda,59,Mary.Nellda@gmail.com
Caitlin Orlando Warton,39,Caitlin.Warton@gmail.com
Alayne Burg Giff,41,Alayne.Giff@gmail.com
Beatrice Layton Rebba,21,Beatrice.Rebba@gmail.com
Vivienne Craggy Wernick,33,Vivienne.Wernick@gmail.com
Shirline Webster Jordanson,3,Shirline.Jordanson@gmail.com
Nellie Hansiain Brout,49,Nellie.Brout@gmail.com
Devina Davin Arluene,46,Devina.Arluene@gmail.com
Faythe Dietrich Bully,15,Faythe.Bully@gmail.com
Chrysler Raddie Audry,22,Chrysler.Audry@gmail.com
Cate Jehu Josi,17,Cate.Josi@gmail.com
Ardenia Linn Toinette,0,Ardenia.Toinette@gmail.com
Hillary Josh Elma,10,Hillary.Elma@gmail.com
Judi Elsworth Morse,26,Judi.Morse@gmail.com
Anneliese Wilmar Morez,39,Anneliese.Morez@gmail.com
Debora Abel Roselyn,31,Debora.Roselyn@gmail.com
Heidi Kevin Bowden,43,Heidi.Bowden@gmail.com
Babara Tristam Victorie,47,Babara.Victorie@gmail.com
Marita Brodie Anastasio,57,Marita.Anastasio@gmail.com
Wilhelmina Kilian Friedly,54,Wilhelmina.Friedly@gmail.com
Veronica Herbert Richia,0,Veronica.Richia@gmail.com
Erica Gery Punke,43,Erica.Punke@gmail.com
Cinderella Griffie Bray,8,Cinderella.Bray@gmail.com
Ruthann Angie Addy,10,Ruthann.Addy@gmail.com
Averyl Beauregard Luing,40,Averyl.Luing@gmail.com
Babette Pattie Panter,7,Babette.Panter@gmail.com
Aveline Georges Ab,13,Aveline.Ab@gmail.com
Blinni Chadd Blumenthal,33,Blinni.Blumenthal@gmail.com
Fiann Bastien Dhar,21,Fiann.Dhar@gmail.com
Wini Alaster Bald,4,Wini.Bald@gmail.com
