Ami Mal Wiatt,33,Ami.Wiatt@gmail.com
Deana Meryl Murtha,25,Deana.Murtha@gmail.com
Jocelin Levon Packston,39,Jocelin.Packston@gmail.com
Perla Dal Janette,19,Perla.Janette@gmail.com
Wanda Bron Lambrecht,6,Wanda.Lambrecht@gmail.com
Xylina Husein Ivy,31,Xylina.Ivy@gmail.com
Katya Jerome Norse,1,Katya.Norse@gmail.com
Elsie Gregoire Milburn,37,Elsie.Milburn@gmail.com
Harmonia Alfonse Pontone,9,Harmonia.Pontone@gmail.com
Britney Denis Sandro,58,Britney.Sandro@gmail.com
Evelyn Carlin Liebman,15,Evelyn.Liebman@gmail.com
Mag Elnar Baylor,58,Mag.Baylor@gmail.com
Dehlia Averill Maegan,36,Dehlia.Maegan@gmail.com
Wendye Felipe Duck,51,Wendye.Duck@gmail.com
Katrinka Hazlett Chyou,17,Katrinka.Chyou@gmail.com
Modesta Perice Edlyn,43,Modesta.Edlyn@gmail.com
Bertine Kippy Goat,37,Bertine.Goat@gmail.com
Kelli Cecilius Kahl,28,Kelli.Kahl@gmail.com
Dotti Randolf Dygert,10,Dotti.Dygert@gmail.com
Maddy Tuck Most,41,Maddy.Most@gmail.com
Wilma Cori Tung,33,Wilma.Tung@gmail.com
Latisha Roderick Katzman,26,Latisha.Katzman@gmail.com
Ashely Everett Butcher,1,Ashely.Butcher@gmail.com
Allina Jonah Bresee,10,Allina.Bresee@gmail.com
Mag Dalt Conrade,23,Mag.Conrade@gmail.com
Odelinda Ramon Emanuela,44,Odelinda.Emanuela@gmail.com
Joane Ezekiel Clarie,20,Joane.Clarie@gmail.com
Olivia Tobit Masha,28,Olivia.Masha@gmail.com
Jessy Osbert Tracy,38,Jessy.Tracy@gmail.com
Marianne Sholom Rosette,17,Marianne.Rosette@gmail.com
Audy Prinz Leticia,8,Audy.Leticia@gmail.com
Lyn Cletus Lipski,2,Lyn.Lipski@gmail.com
Trudie Leonerd Giff,48,Trudie.Giff@gmail.com
Dasha Burty Trever,52,Dasha.Trever@gmail.com
Lydie Gabriello Kristo,11,Lydie.Kristo@gmail.com
Kalina Cleve Yvon,35,Kalina.Yvon@gmail.com
Mariel Derk Russian,0,Mariel.Russian@gmail.com
Gilberta Mohandis Vigor,1,Gilberta.Vigor@gmail.com
Dione Jess Rogerson,54,Dione.Rogerson@gmail.com
Sallyann Trenton Peisch,39,Sallyann.Peisch@gmail.com
Illa Chalmers Henka,44,Illa.Henka@gmail.com
Lib Cleve Chi,0,Lib.Chi@gmail.com
Josy Othello Kayla,19,Josy.Kayla@gmail.com
Jean John Stevenson,39,Jean.Stevenson@gmail.com
Aurilia Donn Gilead,11,Aurilia.Gilead@gmail.com
Lorri Haydon Marcelline,19,Lorri.Marcelline@gmail.com
Elisha Gayler Tema,35,Elisha.Tema@gmail.com
Franciska Titos Milt,0,Franciska.Milt@gmail.com
Zonnya Chadd Chinua,18,Zonnya.Chinua@gmail.com
Stefania Calv Magen,51,Stefania.Magen@gmail.com
Joye Bevin Flessel,1,Joye.Flessel@gmail.com
Ranice Leigh Zosima,3,Ranice.Zosima@gmail.com
Ollie Hendrik Rubenstein,8,Ollie.Rubenstein@gmail.com
Chryste Benny Callan,38,Chryste.Callan@gmail.com
Ailyn Jessey Schubert,59,Ailyn.Schubert@gmail.com
Maryjane Aubert Casar,31,Maryjane.Casar@gmail.com
Kimbra Darby Moor,57,Kimbra.Moor@gmail.com
Fallon Bertrando Romeu,8,Fallon.Romeu@gmail.com
Emmalynn Kendricks Zoubek,14,Emmalynn.Zoubek@gmail.com
Georgeta Garrard Varden,57,Georgeta.Varden@gmail.com
Kore Spencer Elwood,50,Kore.Elwood@gmail.com
Cristen Thoma Sine,3,Cristen.Sine@gmail.com
Trenna Armando Roti,6,Trenna.Roti@gmail.com
Frank Patin Regina,5,Frank.Regina@gmail.com
Liza Marlow Wilden,36,Liza.Wilden@gmail.com
Jessica Troy Merl,20,Jessica.Merl@gmail.com
Shandie Zollie Coltson,52,Shandie.Coltson@gmail.com
Lexine Denney Madora,57,Lexine.Madora@gmail.com
Daniella Rudd Waring,33,Daniella.Waring@gmail.com
Barbabra Reinold Johen,17,Barbabra.Johen@gmail.com
Astrix Morly Olshausen,15,Astrix.Olshausen@gmail.com
Kelila Tybalt Aron,38,Kelila.Aron@gmail.com
Erina Jarvis Nickles,15,Erina.Nickles@gmail.com
Yasmeen Regan Nicola,48,Yasmeen.Nicola@gmail.com
Willow Graehme Ruvolo,50,Willow.Ruvolo@gmail.com
Elnora Barr Levana,45,Elnora.Levana@gmail.com
Goldia Any Tisha,29,Goldia.Tisha@gmail.com
Marisa Andros Nunci,59,Marisa.Nunci@gmail.com
Maurene Scottie Bushey,12,Maurene.Bushey@gmail.com
Zonnya Say Jews,47,Zonnya.Jews@gmail.com
Katey Anton Fronnia,54,Katey.Fronnia@gmail.com
Lolita Ewell Vasilek,17,Lolita.Vasilek@gmail.com
Consolata Morgan Skyla,38,Consolata.Skyla@gmail.com
Crissie Wendall Cyndi,31,Crissie.Cyndi@gmail.com
Regina Lemmie Bonneau,48,Regina.Bonneau@gmail.com
Ruthie Rollin Frederic,37,Ruthie.Frederic@gmail.com
Marnie Fairleigh Buddy,32,Marnie.Buddy@gmail.com
Molli Brose Richia,38,Molli.Richia@gmail.com
Abigale Arther Koran,45,Abigale.Koran@gmail.com
Sheila Stacee Ogata,26,Sheila.Ogata@gmail.com
Lishe Abbey Henrik,6,Lishe.Henrik@gmail.com
Stace Dylan Pilloff,20,Stace.Pilloff@gmail.com
Cathlene Shane Saideman,46,Cathlene.Saideman@gmail.com
Theo Curry Barolet,45,Theo.Barolet@gmail.com
Halette Archie Dulcie,36,Halette.Dulcie@gmail.com
Guglielma Symon Lustick,4,Guglielma.Lustick@gmail.com
Muire Lee Ilonka,58,Muire.Ilonka@gmail.com
Leanora Hermy Erv,36,Leanora.Erv@gmail.com
Tabbitha Teddie Paine,39,Tabbitha.Paine@gmail.com
Marysa Fremont Kira,38,Marysa.Kira@gmail.com
Shawnee Hardy Theodoric,42,Shawnee.Theodoric@gmail.com
Lissie Pail Tabbie,59,Lissie.Tabbie@gmail.com
Gusty Robinson Bernstein,36,Gusty.Bernstein@gmail.com
Isis Boyce Talyah,52,Isis.Talyah@gmail.com
Colene Rooney Ardel,24,Colene.Ardel@gmail.com
Vivien Bradan Chuck,10,Vivien.Chuck@gmail.com
Sibeal Anselm Bord,40,Sibeal.Bord@gmail.com
Tildie Bruce Guthrey,12,Tildie.Guthrey@gmail.com
Krystal Kareem Calisa,58,Krystal.Calisa@gmail.com
Emyle Lombard Mellins,4,Emyle.Mellins@gmail.com
Sybilla Darnell Alanson,20,Sybilla.Alanson@gmail.com
Viola Otto Plante,14,Viola.Plante@gmail.com
Melamie Zachery Trilbee,33,Melamie.Trilbee@gmail.com
Karen Georas Normy,21,Karen.Normy@gmail.com
Ethelind Thacher Zelma,18,Ethelind.Zelma@gmail.com
Abagael Richy Hertberg,34,Abagael.Hertberg@gmail.com
Bamby Homer Malcolm,11,Bamby.Malcolm@gmail.com
Sileas Barclay Kevina,46,Sileas.Kevina@gmail.com
Flore Skippy Jabez,9,Flore.Jabez@gmail.com
Sallee Rutter Hamish,36,Sallee.Hamish@gmail.com
Aile Ambrosi Norrie,5,Aile.Norrie@gmail.com
Tiff Jory Apple,58,Tiff.Apple@gmail.com
Wilhelmine Douglass Rubbico,17,Wilhelmine.Rubbico@gmail.com
Jaime Jamison Kolk,55,Jaime.Kolk@gmail.com
Ophelie Berkly Ganny,2,Ophelie.Ganny@gmail.com
Roby Michel Marius,20,Roby.Marius@gmail.com
Hyacintha Symon Novia,19,Hyacintha.Novia@gmail.com
Dniren Xerxes Morganne,47,Dniren.Morganne@gmail.com
Anita Bourke Kaufman,8,Anita.Kaufman@gmail.com
Christye Mervin Alarick,23,Christye.Alarick@gmail.com
Bethanne Brand Kristoffer,11,Bethanne.Kristoffer@gmail.com
Felipa Brok Banna,37,Felipa.Banna@gmail.com
Elisabet Karl Adao,0,Elisabet.Adao@gmail.com
Kameko Davon Pearlman,32,Kameko.Pearlman@gmail.com
Fenelia Winnie Kizzee,3,Fenelia.Kizzee@gmail.com
Maddie Bendick Faina,49,Maddie.Faina@gmail.com
Harriet Theobald Rodgers,33,Harriet.Rodgers@gmail.com
Calley Klaus Curr,22,Calley.Curr@gmail.com
Mahalia Sammy Sergent,56,Mahalia.Sergent@gmail.com
Valida Stacee Alderman,38,Valida.Alderman@gmail.com
Molli Vernen Hola,20,Molli.Hola@gmail.com
Nolana Ulric Garett,51,Nolana.Garett@gmail.com
Elna Courtnay Groscr,18,Elna.Groscr@gmail.com
Mariellen Stewart Kara-Lynn,2,Mariellen.Kara-Lynn@gmail.com
Zilvia Bennett Vikky,25,Zilvia.Vikky@gmail.com
Corry Andrey Mandie,47,Corry.Mandie@gmail.com
Mariquilla Siward Johny,42,Mariquilla.Johny@gmail.com
Hilary Valdemar Dyanna,0,Hilary.Dyanna@gmail.com
Cherry Harwilll Apostles,42,Cherry.Apostles@gmail.com
Lanae Cary Pals,13,Lanae.Pals@gmail.com
Lyn Greggory Octavla,28,Lyn.Octavla@gmail.com
Dody Udall Hecklau,14,Dody.Hecklau@gmail.com
Nike Hazlett Sharia,47,Nike.Sharia@gmail.com
Dedie Elvin Rintoul,1,Dedie.Rintoul@gmail.com
Gilligan Martainn Elma,36,Gilligan.Elma@gmail.com
Aurora Sigismund Michelina,48,Aurora.Michelina@gmail.com
Leontyne Kerk Bolan,31,Leontyne.Bolan@gmail.com
Barbette Roth Sutherland,6,Barbette.Sutherland@gmail.com
Elyn Mason Bronk,15,Elyn.Bronk@gmail.com
Charity Fredrick Zumstein,7,Charity.Zumstein@gmail.com
Dulcea Ogdon Steinke,47,Dulcea.Steinke@gmail.com
Alicea Ari Karoly,26,Alicea.Karoly@gmail.com
Rani Hercules Arliene,31,Rani.Arliene@gmail.com
Toni Wilmar Mariska,56,Toni.Mariska@gmail.com
Latrina Kristos Ibbie,6,Latrina.Ibbie@gmail.com
Vicki Donavon Russom,39,Vicki.Russom@gmail.com
Christalle Shannon Virgie,41,Christalle.Virgie@gmail.com
Kimmi Delmar Beka,42,Kimmi.Beka@gmail.com
Alex Land Gaughan,27,Alex.Gaughan@gmail.com
Kalinda Yule Jessica,40,Kalinda.Jessica@gmail.com
Marje Germayne Katrinka,16,Marje.Katrinka@gmail.com
Marlene Irv Elvin,19,Marlene.Elvin@gmail.com
Raynell Lazarus Gurevich,11,Raynell.Gurevich@gmail.com
Felicdad Lind Haymo,43,Felicdad.Haymo@gmail.com
Thomasin Clayson Latvina,38,Thomasin.Latvina@gmail.com
Lory Saunderson Muriah,2,Lory.Muriah@gmail.com
Moira Geoff Sadiras,39,Moira.Sadiras@gmail.com
Janeczka Sylvester Gluck,59,Janeczka.Gluck@gmail.com
Jerrylee Sanders Vickie,6,Jerrylee.Vickie@gmail.com
Lura Laughton Silas,22,Lura.Silas@gmail.com
Carlene Colver Meave,38,Carlene.Meave@gmail.com
Prue Grover Arita,12,Prue.Arita@gmail.com
Fifine Arne Wally,52,Fifine.Wally@gmail.com
Jade Bruis Gurney,8,Jade.Gurney@gmail.com
Tamma Ezequiel Sande,11,Tamma.Sande@gmail.com
Korney Willdon Foskett,2,Korney.Foskett@gmail.com
Kaila Urson Graybill,58,Kaila.Graybill@gmail.com
Jorry Buddie Bore,23,Jorry.Bore@gmail.com
Madalyn Tommie Harcourt,1,Madalyn.Harcourt@gmail.com
Catlin Hector Seraphine,3,Catlin.Seraphine@gmail.com
Fulvia Mitchael Gregson,1,Fulvia.Gregson@gmail.com
Aeriela Ab Carlstrom,51,Aeriela.Carlstrom@gmail.com
Izabel Wesley Roid,41,Izabel.Roid@gmail.com
Emelyne Tailor Laux,58,Emelyne.Laux@gmail.com
Nanette Ricoriki Topliffe,46,Nanette.Topliffe@gmail.com
Oralee Tadeo Basile,28,Oralee.Basile@gmail.com
Ameline Heinrik Candice,2,Ameline.Candice@gmail.com
Merissa Tadeo Yvette,48,Merissa.Yvette@gmail.com
Dore Thibaud Sweeney,20,Dore.Sweeney@gmail.com
Imelda Bank Chui,2,Imelda.Chui@gmail.com
Hermia Sander Nickelsen,56,Hermia.Nickelsen@gmail.com
Fidelia Jorgan Stickney,6,Fidelia.Stickney@gmail.com
Melody Wally Won,47,Melody.Won@gmail.com
Addi Kelbee Ephrem,28,Addi.Ephrem@gmail.com
Idell Peterus Kristine,47,Idell.Kristine@gmail.com
Daphna Barr Bat,19,Daphna.Bat@gmail.com
Audie Victor Meta,39,Audie.Meta@gmail.com
Leta Normy Bedad,26,Leta.Bedad@gmail.com
Cornie Ollie Agretha,20,Cornie.Agretha@gmail.com
Emmye Dominique Bale,35,Emmye.Bale@gmail.com
Alyss Natal Iridissa,27,Alyss.Iridissa@gmail.com
Constantia Ilario Salot,45,Constantia.Salot@gmail.com
Adriana Jeno Brothers,8,Adriana.Brothers@gmail.com
Margalo Currie Neukam,22,Margalo.Neukam@gmail.com
Nessy Tadd Brandt,24,Nessy.Brandt@gmail.com
Lanny Hubey Deck,31,Lanny.Deck@gmail.com
Bernita Hakeem Ebby,11,Bernita.Ebby@gmail.com
Astra Eberhard Evelyn,54,Astra.Evelyn@gmail.com
Beryle Guntar Roxanna,57,Beryle.Roxanna@gmail.com
Pauline Chilton Fidole,2,Pauline.Fidole@gmail.com
Tillie Rance Park,26,Tillie.Park@gmail.com
Lorilee Waverley Chris,24,Lorilee.Chris@gmail.com
Joelynn Stephen Aklog,51,Joelynn.Aklog@gmail.com
Meagan Owen Lane,44,Meagan.Lane@gmail.com
Ulrike Clement Armond,25,Ulrike.Armond@gmail.com
Belicia Spense Belloir,28,Belicia.Belloir@gmail.com
Manya Abbot Breeze,4,Manya.Breeze@gmail.com
Jami Tibold Chiquia,52,Jami.Chiquia@gmail.com
Brynna Conrade Koren,12,Brynna.Koren@gmail.com
Mira Whitby Ezara,48,Mira.Ezara@gmail.com
Annabela Wittie Archibald,57,Annabela.Archibald@gmail.com
Nollie Keane Aldridge,32,Nollie.Aldridge@gmail.com
Nichole Davie Huttan,44,Nichole.Huttan@gmail.com
Bride Bartolomeo Rodl,5,Bride.Rodl@gmail.com
Auguste Shepard Cosma,27,Auguste.Cosma@gmail.com
Dorothee Kelsey Renata,21,Dorothee.Renata@gmail.com
Berta Ruben Barrett,11,Berta.Barrett@gmail.com
Marga Linus Ivers,30,Marga.Ivers@gmail.com
Christin Bartel Hennie,4,Christin.Hennie@gmail.com
Blinny Damien Nierman,3,Blinny.Nierman@gmail.com
Laureen Mattias Calondra,1,Laureen.Calondra@gmail.com
Winne Sancho Thynne,29,Winne.Thynne@gmail.com
Ede Herbert Yeargain,18,Ede.Yeargain@gmail.com
Kimmi Marvin Keely,32,Kimmi.Keely@gmail.com
Fredra Roderick Parks,46,Fredra.Parks@gmail.com
Oliy Chickie Carolann,19,Oliy.Carolann@gmail.com
Alysa Norrie Tremann,30,Alysa.Tremann@gmail.com
Latrena Roderick Rains,34,Latrena.Rains@gmail.com
Fidelia Orazio Rolanda,35,Fidelia.Rolanda@gmail.com
Ellie Nico Mallorie,7,Ellie.Mallorie@gmail.com
Traci Roderigo Dalston,8,Traci.Dalston@gmail.com
Ilsa Smitty Tucky,27,Ilsa.Tucky@gmail.com
Noelani Travus Lennie,43,Noelani.Lennie@gmail.com
Jenine Raleigh Pros,29,Jenine.Pros@gmail.com
Clarinda Harold Estas,1,Clarinda.Estas@gmail.com
Beckie Land Karas,33,Beckie.Karas@gmail.com
Hulda Alaric Nev,45,Hulda.Nev@gmail.com
Lissy Jefferson Petra,31,Lissy.Petra@gmail.com
Tani Lionel Tench,8,Tani.Tench@gmail.com
Melli Carleton Thornburg,25,Melli.Thornburg@gmail.com
Wynny Jereme Montagu,42,Wynny.Montagu@gmail.com
Orelle Erich Keel,11,Orelle.Keel@gmail.com
Jesse Mozes Elita,52,Jesse.Elita@gmail.com
Constanta Darren Nancey,34,Constanta.Nancey@gmail.com
Ailyn Shay Daniele,12,Ailyn.Daniele@gmail.com
Rubina Berton Naman,53,Rubina.Naman@gmail.com
Dona Marlin Endres,37,Dona.Endres@gmail.com
Murial Gabe Evelunn,34,Murial.Evelunn@gmail.com
Delcina Shaughn Osgood,55,Delcina.Osgood@gmail.com
Shirlene Craggy Alten,57,Shirlene.Alten@gmail.com
Petra Allan Aldous,58,Petra.Aldous@gmail.com
Sharline Danya Abagael,44,Sharline.Abagael@gmail.com
Hope Mycah Selmore,38,Hope.Selmore@gmail.com
Daffie Winslow Fredkin,45,Daffie.Fredkin@gmail.com
Concettina Halsey Teillo,39,Concettina.Teillo@gmail.com
Juliane Dal Blumenfeld,9,Juliane.Blumenfeld@gmail.com
Blancha Kerwin Meghan,11,Blancha.Meghan@gmail.com
Gertrud Tam Church,47,Gertrud.Church@gmail.com
Rosana Welbie Amble,24,Rosana.Amble@gmail.com
Kittie Ritchie Cocks,5,Kittie.Cocks@gmail.com
Lyssa Jamaal Hultgren,10,Lyssa.Hultgren@gmail.com
Daryn Kirk Orfinger,37,Daryn.Orfinger@gmail.com
Fernanda Elliott Beasley,52,Fernanda.Beasley@gmail.com
Darya Scotty Shanan,4,Darya.Shanan@gmail.com
Jannelle Reube Teteak,27,Jannelle.Teteak@gmail.com
Carroll Creight Jezreel,15,Carroll.Jezreel@gmail.com
Carline Calvin Mojgan,42,Carline.Mojgan@gmail.com
Callida Leonhard O'Donovan,32,Callida.O'Donovan@gmail.com
Natalie Dougie Mendoza,29,Natalie.Mendoza@gmail.com
Goldarina Clemmy Rowena,2,Goldarina.Rowena@gmail.com
Reeta Cordie Vittorio,36,Reeta.Vittorio@gmail.com
Gertie Thorpe Zawde,29,Gertie.Zawde@gmail.com
Magdalen Zollie Adams,33,Magdalen.Adams@gmail.com
Dagmar Paige Larisa,10,Dagmar.Larisa@gmail.com
Genvieve Buddy Doughman,9,Genvieve.Doughman@gmail.com
Alyssa Araldo Kerk,11,Alyssa.Kerk@gmail.com
Ricca Dougy Freud,22,Ricca.Freud@gmail.com
Bessie Cooper Obelia,21,Bessie.Obelia@gmail.com
Corrinne Tabbie Gula,39,Corrinne.Gula@gmail.com
Min Thorstein Stralka,58,Min.Stralka@gmail.com
Waly Bar Abigail,55,Waly.Abigail@gmail.com
Miriam Demetris Zerlina,59,Miriam.Zerlina@gmail.com
Hanny Jordon Spanjian,48,Hanny.Spanjian@gmail.com
Correy Wald Trinette,40,Correy.Trinette@gmail.com
Eba Lemar Serrano,3,Eba.Serrano@gmail.com
Harli Grace Tamarah,11,Harli.Tamarah@gmail.com
Karrah Trevar Strohl,24,Karrah.Strohl@gmail.com
Rori Freemon Secor,38,Rori.Secor@gmail.com
Lori Hillary Arjun,5,Lori.Arjun@gmail.com
Cilka Paco Vowel,1,Cilka.Vowel@gmail.com
Eadith Calvin Teresina,25,Eadith.Teresina@gmail.com
Molly Emilio Bergmann,45,Molly.Bergmann@gmail.com
Vallie Selby Dosi,30,Vallie.Dosi@gmail.com
Gill Wat Shaughnessy,44,Gill.Shaughnessy@gmail.com
Angelina Adelbert Uno,54,Angelina.Uno@gmail.com
Esma Rodge Sturrock,12,Esma.Sturrock@gmail.com
Cherlyn Shane Glynn,25,Cherlyn.Glynn@gmail.com
Mira Yanaton Doolittle,1,Mira.Doolittle@gmail.com
Darb Jecho Aubert,26,Darb.Aubert@gmail.com
Millisent Wolf Gibun,13,Millisent.Gibun@gmail.com
Catherine Karlis Saimon,56,Catherine.Saimon@gmail.com
Kari Fitzgerald Giliane,45,Kari.Giliane@gmail.com
Kati Aldon Temp,9,Kati.Temp@gmail.com
Rachele Davie Ahlgren,10,Rachele.Ahlgren@gmail.com
Ofilia Michele Knowland,15,Ofilia.Knowland@gmail.com
Melva Gaultiero Lipps,56,Melva.Lipps@gmail.com
Rhodie Hoyt Bernadine,53,Rhodie.Bernadine@gmail.com
Verina Mead Gide,14,Verina.Gide@gmail.com
Eda Brade Orest,20,Eda.Orest@gmail.com
Bellina Ellerey Alidia,7,Bellina.Alidia@gmail.com
Eran Lezley Luo,25,Eran.Luo@gmail.com
Micky Trevor Shipley,46,Micky.Shipley@gmail.com
Shirleen Hubie Johannes,22,Shirleen.Johannes@gmail.com
Genna Birk Bullock,39,Genna.Bullock@gmail.com
Karlyn Cornelius Yeta,30,Karlyn.Yeta@gmail.com
Sheeree Haywood Handy,59,Sheeree.Handy@gmail.com
Veronika Abdul Ettinger,0,Veronika.Ettinger@gmail.com
Margarita Levy Nitin,40,Margarita.Nitin@gmail.com
Mariel Pincus Schinica,29,Mariel.Schinica@gmail.com
Siusan Garrard Pegeen,41,Siusan.Pegeen@gmail.com
Oliy Prescott Wesla,49,Oliy.Wesla@gmail.com
Charlotte Torr Small,45,Charlotte.Small@gmail.com
Doralynne Judon Lonnie,38,Doralynne.Lonnie@gmail.com
Lydie Boycie Letitia,36,Lydie.Letitia@gmail.com
Carmita Moe Lev,59,Carmita.Lev@gmail.com
Lucine Vern Burton,44,Lucine.Burton@gmail.com
Kanya Alasteir Van,37,Kanya.Van@gmail.com
Moll Wade Faux,10,Moll.Faux@gmail.com
Maggi Gaelan Blas,46,Maggi.Blas@gmail.com
Magdalena Willey Main,42,Magdalena.Main@gmail.com
Arluene Ermanno Demb,16,Arluene.Demb@gmail.com
Elfreda Jimmy Damle,46,Elfreda.Damle@gmail.com
Callie Donnell Essie,16,Callie.Essie@gmail.com
Gratia Bartram Cutlip,55,Gratia.Cutlip@gmail.com
Sarena Sylvester Orvah,30,Sarena.Orvah@gmail.com
Martita Pincas Bondon,3,Martita.Bondon@gmail.com
Cindra Robbie Ireland,2,Cindra.Ireland@gmail.com
Charis Earlie Zwick,12,Charis.Zwick@gmail.com
Kara-Lynn Kevan Blas,40,Kara-Lynn.Blas@gmail.com
Aidan Alistair Shepherd,26,Aidan.Shepherd@gmail.com
Emmalynne Ashley Ellery,10,Emmalynne.Ellery@gmail.com
Candida Barde Langdon,58,Candida.Langdon@gmail.com
Jo Ann Willem Rizzo,18,Jo Ann.Rizzo@gmail.com
Stefania Ezri Liebowitz,10,Stefania.Liebowitz@gmail.com
Annecorinne Leland Meletius,6,Annecorinne.Meletius@gmail.com
Heida Nap Lander,22,Heida.Lander@gmail.com
Elisa Marvin Crichton,13,Elisa.Crichton@gmail.com
Lauralee Irwin Alcott,21,Lauralee.Alcott@gmail.com
Perla Hamid Hildegaard,34,Perla.Hildegaard@gmail.com
Penny Goraud Tifanie,28,Penny.Tifanie@gmail.com
Jaclin Mord Nedi,52,Jaclin.Nedi@gmail.com
Orella Herb Esmeralda,13,Orella.Esmeralda@gmail.com
Rhianna Bran Slyke,34,Rhianna.Slyke@gmail.com
Kayley Win Nanette,10,Kayley.Nanette@gmail.com
Michaela Clem Russel,27,Michaela.Russel@gmail.com
Penelope Charley Arlyn,53,Penelope.Arlyn@gmail.com
Danice Hamid Hayse,47,Danice.Hayse@gmail.com
Allyn Jerad Percy,21,Allyn.Percy@gmail.com
Karon Chicky Cris,17,Karon.Cris@gmail.com
Lizette Gasper Gipson,44,Lizette.Gipson@gmail.com
Olympie Puff Ervine,3,Olympie.Ervine@gmail.com
Chiquita Aymer Malda,33,Chiquita.Malda@gmail.com
Erma Fields Cathlene,48,Erma.Cathlene@gmail.com
Hester Asher Cahra,13,Hester.Cahra@gmail.com
Mora Skipton Andee,15,Mora.Andee@gmail.com
Kirstin Oran Clements,52,Kirstin.Clements@gmail.com
Corny Lazar Rad,13,Corny.Rad@gmail.com
Stevana Caleb Jerroll,40,Stevana.Jerroll@gmail.com
Vittoria Julio Pembrook,49,Vittoria.Pembrook@gmail.com
Molli Rutherford Dannel,36,Molli.Dannel@gmail.com
Devi Noak Sunday,20,Devi.Sunday@gmail.com
Bunny Wallis Ailyn,42,Bunny.Ailyn@gmail.com
Sadella Matthieu Follansbee,30,Sadella.Follansbee@gmail.com
Janice Magnum Yeo,40,Janice.Yeo@gmail.com
Adina Ingrim Garbe,4,Adina.Garbe@gmail.com
Delores Thaine Koeppel,45,Delores.Koeppel@gmail.com
Tiffani Alyosha Hosfmann,46,Tiffani.Hosfmann@gmail.com
Kris Hersh Levey,36,Kris.Levey@gmail.com
Gina Patrizio Fredek,7,Gina.Fredek@gmail.com
Janine Rowan Grobe,30,Janine.Grobe@gmail.com
Danielle Nikolos Nevsa,11,Danielle.Nevsa@gmail.com
Zulema Josias Hadlee,2,Zulema.Hadlee@gmail.com
Marlyn Wernher Jefferey,37,Marlyn.Jefferey@gmail.com
Jennee Raoul Kilk,7,Jennee.Kilk@gmail.com
Kai Frankie Lamb,2,Kai.Lamb@gmail.com
Batsheva Aluino Groot,38,Batsheva.Groot@gmail.com
Lauryn Herb Rap,23,Lauryn.Rap@gmail.com
Lesli Goran Alwyn,44,Lesli.Alwyn@gmail.com
Esta Virgie Moishe,8,Esta.Moishe@gmail.com
Micky Zed Mac,34,Micky.Mac@gmail.com
Dina Ashlin Heall,46,Dina.Heall@gmail.com
Gina Andonis Rufus,52,Gina.Rufus@gmail.com
Aidan Thebault Orv,3,Aidan.Orv@gmail.com
Leela Humfrid Bogusz,17,Leela.Bogusz@gmail.com
Anetta Farrell Burkitt,4,Anetta.Burkitt@gmail.com
Ina Basilius Sherourd,20,Ina.Sherourd@gmail.com
Muire Arnie Delfine,18,Muire.Delfine@gmail.com
Othelia Dino Cordie,57,Othelia.Cordie@gmail.com
Leah Karlens Salzhauer,56,Leah.Salzhauer@gmail.com
Babara Findlay Carr,54,Babara.Carr@gmail.com
Ileane Collin Raul,46,Ileane.Raul@gmail.com
Shalne Rayner Fried,47,Shalne.Fried@gmail.com
Wrennie Fonz Weirick,9,Wrennie.Weirick@gmail.com
Becca Mendel Spooner,46,Becca.Spooner@gmail.com
Aundrea Davidde Zipporah,3,Aundrea.Zipporah@gmail.com
Talia Bronson Granlund,50,Talia.Granlund@gmail.com
Venita Brendin Ami,39,Venita.Ami@gmail.com
Ros Tomkin Gilpin,5,Ros.Gilpin@gmail.com
Christen Denver Lon,1,Christen.Lon@gmail.com
Jo-Anne Andonis Maxi,39,Jo-Anne.Maxi@gmail.com
Perla Horace Kwang,21,Perla.Kwang@gmail.com
Tiffie Sheffield Hilly,56,Tiffie.Hilly@gmail.com
Domeniga Colin Raddi,46,Domeniga.Raddi@gmail.com
Doris Lance Seidel,46,Doris.Seidel@gmail.com
Nelle Meir Brett,9,Nelle.Brett@gmail.com
Nolana Herrick Ez,9,Nolana.Ez@gmail.com
Cherianne Benedetto Whall,28,Cherianne.Whall@gmail.com
Portia Herby Akeylah,42,Portia.Akeylah@gmail.com
Chrystel Bengt Deni,49,Chrystel.Deni@gmail.com
Merralee Sampson Rondon,55,Merralee.Rondon@gmail.com
Glynda Aloysius Ostler,2,Glynda.Ostler@gmail.com
Kassi Artemas Odelet,8,Kassi.Odelet@gmail.com
Melisent Hort Marder,2,Melisent.Marder@gmail.com
Sella Hilly Cello,26,Sella.Cello@gmail.com
Briny Silvano Ellis,45,Briny.Ellis@gmail.com
Euphemia Thorvald Eben,56,Euphemia.Eben@gmail.com
Margery Nathanael Lamont,15,Margery.Lamont@gmail.com
Nannie Murray Asel,9,Nannie.Asel@gmail.com
Basia Geoffry Tess,31,Basia.Tess@gmail.com
Lilli Claudius Dimitris,56,Lilli.Dimitris@gmail.com
Beryl Paulo Head,7,Beryl.Head@gmail.com
Dacia Ethe Cassy,46,Dacia.Cassy@gmail.com
Theodora Kingsly Larson,32,Theodora.Larson@gmail.com
Winonah Ernest Lael,21,Winonah.Lael@gmail.com
Maggy Griffith Zucker,8,Maggy.Zucker@gmail.com
Hyacinthie Yorker Mundy,49,Hyacinthie.Mundy@gmail.com
Anne Mathias Jaworski,8,Anne.Jaworski@gmail.com
Lisa Westley Sivia,8,Lisa.Sivia@gmail.com
Anne Horatius Drucilla,36,Anne.Drucilla@gmail.com
Tamar Murdoch Funch,7,Tamar.Funch@gmail.com
Emmalyn Art Hodge,21,Emmalyn.Hodge@gmail.com
Maryl Karlis Butch,17,Maryl.Butch@gmail.com
Katrina Arte Jarred,17,Katrina.Jarred@gmail.com
Meridith Tobin Randy,15,Meridith.Randy@gmail.com
Mahalia Jamey Sheilah,14,Mahalia.Sheilah@gmail.com
Tommy Jedidiah Carbrey,44,Tommy.Carbrey@gmail.com
Roanna Laurie Zarah,22,Roanna.Zarah@gmail.com
Lexi Skylar Bolen,4,Lexi.Bolen@gmail.com
Tine Addison Gare,29,Tine.Gare@gmail.com
Bobbie Lucho Bridie,17,Bobbie.Bridie@gmail.com
Yoko Gregory Erasmo,13,Yoko.Erasmo@gmail.com
Colline Chadwick Thatch,21,Colline.Thatch@gmail.com
Trudie Lukas Tybald,53,Trudie.Tybald@gmail.com
Lula Reece Cally,46,Lula.Cally@gmail.com
Sheela Enoch Sadick,0,Sheela.Sadick@gmail.com
Ursuline Giffy Hylton,57,Ursuline.Hylton@gmail.com
Terese Mace Elie,13,Terese.Elie@gmail.com
Glenda Teador Urbanna,31,Glenda.Urbanna@gmail.com
Laureen Claudius Cyrille,17,Laureen.Cyrille@gmail.com
Diane-Marie Alexio Egerton,46,Diane-Marie.Egerton@gmail.com
Danit Lucien Dollar,45,Danit.Dollar@gmail.com
Benita Seymour Bradan,13,Benita.Bradan@gmail.com
Hedi Obidiah Tyrrell,58,Hedi.Tyrrell@gmail.com
Helaina Leicester Katinka,33,Helaina.Katinka@gmail.com
Ermengarde Nap Aniela,29,Ermengarde.Aniela@gmail.com
Janette Pincus Michell,35,Janette.Michell@gmail.com
Eleanore Fabian Carla,46,Eleanore.Carla@gmail.com
Pooh Nahum Undry,3,Pooh.Undry@gmail.com
Hedi Hinze Curson,43,Hedi.Curson@gmail.com
Rosaline Nobie Kym,5,Rosaline.Kym@gmail.com
Carol Erick Marla,16,Carol.Marla@gmail.com
Van Faber Doll,37,Van.Doll@gmail.com
Pietra Dunc Milore,19,Pietra.Milore@gmail.com
Caren Cordell Shepard,46,Caren.Shepard@gmail.com
Carrissa Henri Celin,7,Carrissa.Celin@gmail.com
Helaina Tobit Mahoney,2,Helaina.Mahoney@gmail.com
Angelia Orin Esbenshade,25,Angelia.Esbenshade@gmail.com
Juli Cozmo Angy,14,Juli.Angy@gmail.com
Vonnie Karlik Edd,23,Vonnie.Edd@gmail.com
Jerrine Chester Brigg,51,Jerrine.Brigg@gmail.com
Loretta Grace Haberman,44,Loretta.Haberman@gmail.com
Denyse Cordie Rinaldo,15,Denyse.Rinaldo@gmail.com
Alysa Bailey Rice,51,Alysa.Rice@gmail.com
Marne Conrad Ree,31,Marne.Ree@gmail.com
Florina Deck Nananne,31,Florina.Nananne@gmail.com
Karlotte Had Richter,33,Karlotte.Richter@gmail.com
Thia Fraser Holloway,40,Thia.Holloway@gmail.com
Sarette Alexandro Rhonda,10,Sarette.Rhonda@gmail.com
Iormina Phillipp Sayed,23,Iormina.Sayed@gmail.com
Hayley Clifford Tay,24,Hayley.Tay@gmail.com
Shanon Ezequiel Gatian,22,Shanon.Gatian@gmail.com
Laural Boote Senzer,56,Laural.Senzer@gmail.com
Jesselyn Woodrow Parthen,59,Jesselyn.Parthen@gmail.com
Toni Sanderson Rellia,11,Toni.Rellia@gmail.com
Carin Dani Bryan,26,Carin.Bryan@gmail.com
Tricia Boyce Katha,37,Tricia.Katha@gmail.com
Toby Hillard Modesty,17,Toby.Modesty@gmail.com
Lauraine Jesus Boycey,41,Lauraine.Boycey@gmail.com
Melantha Sylas Trill,19,Melantha.Trill@gmail.com
Yolanda Georgy Fradin,24,Yolanda.Fradin@gmail.com
Gwenni Dale Tatiana,10,Gwenni.Tatiana@gmail.com
Lani Colby Markson,36,Lani.Markson@gmail.com
Jillene Duffie Moth,17,Jillene.Moth@gmail.com
Doloritas Garth Faythe,40,Doloritas.Faythe@gmail.com
Janice Briano Shandy,11,Janice.Shandy@gmail.com
Jodee Barry Garnet,19,Jodee.Garnet@gmail.com
Ariana Renard Byrann,21,Ariana.Byrann@gmail.com
Faun Alphonse Dorisa,33,Faun.Dorisa@gmail.com
Dyanne Mata Cassady,42,Dyanne.Cassady@gmail.com
Ann Shelton Roderica,40,Ann.Roderica@gmail.com
Vivian Urson Crandale,47,Vivian.Crandale@gmail.com
Glad Clayson Deedee,58,Glad.Deedee@gmail.com
Ruth Harald Marl,40,Ruth.Marl@gmail.com
Bibbie Obediah Helaine,45,Bibbie.Helaine@gmail.com
Goldi Martin Gehman,51,Goldi.Gehman@gmail.com
Melodie Maximilianus Kuehn,27,Melodie.Kuehn@gmail.com
Ethel Tulley Denn,57,Ethel.Denn@gmail.com
Deina Nickola Hare,7,Deina.Hare@gmail.com
Francine Scot Ashil,18,Francine.Ashil@gmail.com
Karly Zollie Norward,59,Karly.Norward@gmail.com
Gennie Roderick Bora,44,Gennie.Bora@gmail.com
Otha Wright Ed,59,Otha.Ed@gmail.com
Andeee Aube Mezoff,9,Andeee.Mezoff@gmail.com
Nettle Enoch Emmott,11,Nettle.Emmott@gmail.com
Mellie Tailor Pasia,13,Mellie.Pasia@gmail.com
Maye Hastie Scales,56,Maye.Scales@gmail.com
Latia Sawyer Wilkens,4,Latia.Wilkens@gmail.com
Carine Kermy Amling,48,Carine.Amling@gmail.com
Josefa Constantino Ondrea,44,Josefa.Ondrea@gmail.com
Alanah Elmore Kirtley,24,Alanah.Kirtley@gmail.com
Virginie Renard Jahdiel,36,Virginie.Jahdiel@gmail.com
Debera Albert Nickles,51,Debera.Nickles@gmail.com
Bunnie Feodor Garrett,54,Bunnie.Garrett@gmail.com
Raf Laughton Grata,30,Raf.Grata@gmail.com
Suzy Melvin Randene,55,Suzy.Randene@gmail.com
Lucie Walton Octavus,46,Lucie.Octavus@gmail.com
Meridel Raviv Fionna,44,Meridel.Fionna@gmail.com
Gwendolyn Townie Mor,46,Gwendolyn.Mor@gmail.com
Abagail Waring Mercado,10,Abagail.Mercado@gmail.com
Aviva Gaston Let,54,Aviva.Let@gmail.com
Kally Freedman Festa,9,Kally.Festa@gmail.com
Lian Ogden Rohn,19,Lian.Rohn@gmail.com
Ranna Brennen Healy,42,Ranna.Healy@gmail.com
Marney Archer Geanine,28,Marney.Geanine@gmail.com
Karylin Aguie Jo Ann,20,Karylin.Jo Ann@gmail.com
Susette Baird Younger,3,Susette.Younger@gmail.com
Ertha Tate Zolner,24,Ertha.Zolner@gmail.com
Marybeth Steve Eran,42,Marybeth.Eran@gmail.com
Muire Tonnie Evers,29,Muire.Evers@gmail.com
Zia Glenn Harmon,47,Zia.Harmon@gmail.com
Austin Elvin Pegeen,5,Austin.Pegeen@gmail.com
Celina Waldon Labanna,28,Celina.Labanna@gmail.com
Frances Ransell Tremaine,9,Frances.Tremaine@gmail.com
Idaline Davis Briana,29,Idaline.Briana@gmail.com
Daffy Roth Hashum,14,Daffy.Hashum@gmail.com
Chanda Demott Harwilll,40,Chanda.Harwilll@gmail.com
Agnese Harald Moe,24,Agnese.Moe@gmail.com
Leandra Tudor Petronille,16,Leandra.Petronille@gmail.com
Jacinta Daryle Caputto,28,Jacinta.Caputto@gmail.com
Sari Gaylor Tiena,5,Sari.Tiena@gmail.com
Joelly Galven Dorkus,40,Joelly.Dorkus@gmail.com
Olia Riley Leong,44,Olia.Leong@gmail.com
Shaina Forrester Leake,26,Shaina.Leake@gmail.com
Athena Hayyim Handal,40,Athena.Handal@gmail.com
Merle Gibb Holofernes,5,Merle.Holofernes@gmail.com
Guillemette Rik Orji,42,Guillemette.Orji@gmail.com
Freddie Seymour Gemina,39,Freddie.Gemina@gmail.com
Elsbeth Job Kai,17,Elsbeth.Kai@gmail.com
Odelia Yard Seldan,0,Odelia.Seldan@gmail.com
Ddene Cletus Koby,46,Ddene.Koby@gmail.com
Karoly Vern Morice,54,Karoly.Morice@gmail.com
Kayle Sarge Norbie,24,Kayle.Norbie@gmail.com
Aile Carter Wadlinger,1,Aile.Wadlinger@gmail.com
Cahra Gardner Ernestus,36,Cahra.Ernestus@gmail.com
Alessandra Randell Nahshon,44,Alessandra.Nahshon@gmail.com
Kerianne Barnabe Rochemont,32,Kerianne.Rochemont@gmail.com
Gwenora Jeramey Amaral,24,Gwenora.Amaral@gmail.com
Leah Paige Blockus,47,Leah.Blockus@gmail.com
Liesa Hugh Richter,52,Liesa.Richter@gmail.com
Pamelina Yulma Cornel,14,Pamelina.Cornel@gmail.com
Atlante Ogdan Karlin,46,Atlante.Karlin@gmail.com
Lorry Nils Kaile,4,Lorry.Kaile@gmail.com
Magdalena Harris Fonseca,24,Magdalena.Fonseca@gmail.com
Lorenza Barnie Jer,22,Lorenza.Jer@gmail.com
Stacie Ira Yoo,19,Stacie.Yoo@gmail.com
Shandra Harcourt Carolan,31,Shandra.Carolan@gmail.com
Philippe Ody Primrosa,23,Philippe.Primrosa@gmail.com
Mufi Chuck Kare,45,Mufi.Kare@gmail.com
Gray Peder Greenberg,36,Gray.Greenberg@gmail.com
Abbi Finley Tanner,6,Abbi.Tanner@gmail.com
Dreddy Carly Watters,8,Dreddy.Watters@gmail.com
Tonya Beaufort Roxanne,8,Tonya.Roxanne@gmail.com
Juliet Cyril Hola,4,Juliet.Hola@gmail.com
Korry Tome Trinidad,17,Korry.Trinidad@gmail.com
Roseanna Nil Ewell,42,Roseanna.Ewell@gmail.com
Sharline Nowell Friederike,12,Sharline.Friederike@gmail.com
Jandy Obadias Tadashi,48,Jandy.Tadashi@gmail.com
Cecilia Andrea Haerr,49,Cecilia.Haerr@gmail.com
Marketa Verney Javier,0,Marketa.Javier@gmail.com
Lanny Clark Hennessey,14,Lanny.Hennessey@gmail.com
Britt Claudius Joost,53,Britt.Joost@gmail.com
Norean Mata Bowman,59,Norean.Bowman@gmail.com
Rosalind Jake Lotus,42,Rosalind.Lotus@gmail.com
Elvera Khalil Lance,24,Elvera.Lance@gmail.com
Fannie Mickey Durtschi,52,Fannie.Durtschi@gmail.com
Gizela Bay Tu,11,Gizela.Tu@gmail.com
Eddie Costa Kowatch,3,Eddie.Kowatch@gmail.com
Gweneth Redford O'Callaghan,6,Gweneth.O'Callaghan@gmail.com
Caitlin Orlando Warton,39,Caitlin.Warton@gmail.com
Murielle Torre Tala,5,Murielle.Tala@gmail.com
Jany Boot Iila,44,Jany.Iila@gmail.com
Ann Abrahan Karena,23,Ann.Karena@gmail.com
Vivienne Craggy Wernick,33,Vivienne.Wernick@gmail.com
Ellissa Sid Constantina,30,Ellissa.Constantina@gmail.com
Selle Gerard Sackey,22,Selle.Sackey@gmail.com
Lesly Janek Galvin,19,Lesly.Galvin@gmail.com
Devina Davin Arluene,46,Devina.Arluene@gmail.com
Georgeanne Dar Tilney,24,Georgeanne.Tilney@gmail.com
Suzi Gabe Wolfgang,11,Suzi.Wolfgang@gmail.com
Sosanna Thor Bryana,26,Sosanna.Bryana@gmail.com
Cate Jehu Josi,17,Cate.Josi@gmail.com
Dyan Harwell Bernette,41,Dyan.Bernette@gmail.com
Letizia Bronson Snapp,18,Letizia.Snapp@gmail.com
Sunny Jesse Cos,5,Sunny.Cos@gmail.com
Judi Elsworth Morse,26,Judi.Morse@gmail.com
Philis Jodie Fritzsche,42,Philis.Fritzsche@gmail.com
Odette Richmound Cumings,38,Odette.Cumings@gmail.com
Charlotte Gideon Leone,28,Charlotte.Leone@gmail.com
Heidi Kevin Bowden,43,Heidi.Bowden@gmail.com
Gui My Colwen,50,Gui.Colwen@gmail.com
Ketti Chauncey Sigismund,9,Ketti.Sigismund@gmail.com
Kristy Gannon Kirshbaum,24,Kristy.Kirshbaum@gmail.com
Wilhelmina Kilian Friedly,54,Wilhelmina.Friedly@gmail.com
Kimmy Ruy Cooe,47,Kimmy.Cooe@gmail.com
Dyann Renado Oren,58,Dyann.Oren@gmail.com
Glynis Arny Oringas,28,Glynis.Oringas@gmail.com
Cinderella Griffie Bray,8,Cinderella.Bray@gmail.com
Maisie Yorgo O'Rourke,55,Maisie.O'Rourke@gmail.com
Kalli Fitzgerald Gambrill,23,Kalli.Gambrill@gmail.com
Daveta Lauren Talbott,49,Daveta.Talbott@gmail.com
Babette Pattie Panter,7,Babette.Panter@gmail.com
Alma Mohammed McAfee,23,Alma.McAfee@gmail.com
Johnath Farleigh Islaen,40,Johnath.Islaen@gmail.com
Nikaniki Larry Margy,29,Nikaniki.Margy@gmail.com
Fiann Bastien Dhar,21,Fiann.Dhar@gmail.com
Thekla Corbie Eradis,49,Thekla.Eradis@gmail.com
Meaghan Tristam Seidule,37,Meaghan.Seidule@gmail.com
